<!-- console appender -->
<appender name="console" class="org.apache.log4j2.ConsoleAppender">
    <param name="Target" value="System.out" />
    <layout class="org.apache.log4j.PatternLayout">
        <param name="ConversionPattern" value="%-5p %c{1} - %m%n" />
    </layout>
</appender>

        <!-- rolling file appender -->
<appender name="file" class="org.apache.log4j.RollingFileAppender">
<param name="File" value="logs/main.log" />
<param name="Append" value="true" />
<param name="ImmediateFlush" value="true" />
<param name="MaxFileSize" value="10MB" />
<param name="MaxBackupIndex" value="5" />

<layout class="org.apache.log4j.PatternLayout">
    <param name="ConversionPattern" value="%d %d{Z} [%t] %-5p (%F:%L) - %m%n" />
</layout>
</appender>